{"cameraMode":{"drawMode":0,"name":"Shaded","section":"Shading Mode"},"sceneLighting":true,"audioPlay":false,"sceneViewState":{"m_AlwaysRefresh":false,"showFog":true,"showSkybox":true,"showFlares":true,"showImageEffects":true,"showParticleSystems":true,"showVisualEffectGraphs":true,"m_FxEnabled":true},"in2DMode":false,"pivot":{"x":-0.05570928007364273,"y":1.1686619520187379,"z":-0.40975329279899599},"rotation":{"x":0.3049001693725586,"y":0.019473234191536905,"z":-0.006222245749086142,"w":0.9521710276603699},"size":0.166595458984375,"orthographic":false}