{"cameraMode":{"drawMode":0,"name":"Shaded","section":"Shading Mode"},"sceneLighting":true,"audioPlay":false,"sceneViewState":{"m_AlwaysRefresh":false,"showFog":true,"showSkybox":true,"showFlares":true,"showImageEffects":true,"showParticleSystems":true,"showVisualEffectGraphs":true,"m_FxEnabled":true},"in2DMode":false,"pivot":{"x":0.6765344142913818,"y":0.23394399881362916,"z":-0.14005303382873536},"rotation":{"x":0.06458951532840729,"y":0.8158164024353027,"z":-0.0929110050201416,"w":0.5671362280845642},"size":0.9930168986320496,"orthographic":false}