{"cameraMode":{"drawMode":0,"name":"Shaded","section":"Shading Mode"},"sceneLighting":true,"audioPlay":false,"sceneViewState":{"m_AlwaysRefresh":false,"showFog":true,"showSkybox":true,"showFlares":true,"showImageEffects":true,"showParticleSystems":true,"showVisualEffectGraphs":true,"m_FxEnabled":true},"in2DMode":false,"pivot":{"x":0.4621448516845703,"y":-0.7410259246826172,"z":13.152956008911133},"rotation":{"x":0.2693592607975006,"y":-0.2519630193710327,"z":0.07324586808681488,"w":0.9266127347946167},"size":19.69112777709961,"orthographic":false}